{
    "accuracy": [
        0.6899003982543945,
        0.7387387156486511,
        0.7612612843513489,
        0.7596017122268677,
        0.7773826718330383,
        0.7700331807136536,
        0.7847321033477783,
        0.778805136680603,
        0.7828354835510254,
        0.778805136680603,
        0.7818871736526489,
        0.7778568267822266,
        0.7840208411216736,
        0.7887624502182007,
        0.7911332249641418,
        0.7897107601165771,
        0.780701756477356,
        0.7937411069869995,
        0.7908961772918701,
        0.792792797088623,
        0.7833096385002136,
        0.7844949960708618,
        0.7906590700149536,
        0.7885253429412842,
        0.7863916754722595,
        0.7916073799133301,
        0.7916073799133301,
        0.7994310259819031,
        0.7935040593147278,
        0.7866287231445312,
        0.7991939187049866,
        0.7968231439590454,
        0.7982456088066101,
        0.7932669520378113,
        0.7994310259819031,
        0.8010905385017395,
        0.7991939187049866,
        0.800142228603363,
        0.8006163835525513
    ],
    "loss": [
        0.6575024724006653,
        0.5491438508033752,
        0.48064297437667847,
        0.4720962345600128,
        0.4526197016239166,
        0.4608604609966278,
        0.4481205344200134,
        0.44173306226730347,
        0.44062238931655884,
        0.4402448832988739,
        0.434861421585083,
        0.43858301639556885,
        0.4314548671245575,
        0.42119044065475464,
        0.4269038438796997,
        0.4304676353931427,
        0.41987931728363037,
        0.4226192533969879,
        0.42311516404151917,
        0.42451488971710205,
        0.42634594440460205,
        0.42360973358154297,
        0.4178358316421509,
        0.4212595820426941,
        0.42416688799858093,
        0.41929224133491516,
        0.41695863008499146,
        0.4148712456226349,
        0.41635599732398987,
        0.4203783869743347,
        0.41561728715896606,
        0.41835910081863403,
        0.4144675135612488,
        0.41447702050209045,
        0.4121045172214508,
        0.41272422671318054,
        0.4112311005592346,
        0.4115847051143646,
        0.4110628664493561
    ],
    "val_accuracy": [
        0.748400866985321,
        0.7953091859817505,
        0.8081023693084717,
        0.810234546661377,
        0.8109452724456787,
        0.8059701323509216,
        0.8088130950927734,
        0.8059701323509216,
        0.8088130950927734,
        0.8109452724456787,
        0.8081023693084717,
        0.8066808581352234,
        0.8024165034294128,
        0.8009950518608093,
        0.8059701323509216,
        0.8081023693084717,
        0.8081023693084717,
        0.8081023693084717,
        0.8052594065666199,
        0.8017057776451111,
        0.8052594065666199,
        0.799573540687561,
        0.8088130950927734,
        0.8045486807823181,
        0.810234546661377,
        0.8009950518608093,
        0.8038379549980164,
        0.810234546661377,
        0.8073915839195251,
        0.8059701323509216,
        0.810234546661377,
        0.8045486807823181,
        0.8066808581352234,
        0.8073915839195251,
        0.8038379549980164,
        0.8081023693084717,
        0.8109452724456787,
        0.810234546661377,
        0.8045486807823181
    ],
    "val_loss": [
        0.5843761563301086,
        0.4575662910938263,
        0.42080196738243103,
        0.41549649834632874,
        0.4109271168708801,
        0.41235673427581787,
        0.4080839157104492,
        0.4021887481212616,
        0.4042019248008728,
        0.4023086428642273,
        0.4025774896144867,
        0.4086689054965973,
        0.4031868278980255,
        0.4019111394882202,
        0.40297725796699524,
        0.40473031997680664,
        0.4010067880153656,
        0.4028213918209076,
        0.40040433406829834,
        0.40018749237060547,
        0.40147900581359863,
        0.40524429082870483,
        0.40207532048225403,
        0.40205320715904236,
        0.40083184838294983,
        0.4014832377433777,
        0.40073657035827637,
        0.40037912130355835,
        0.3990453779697418,
        0.40294504165649414,
        0.4028162360191345,
        0.4009372889995575,
        0.40086644887924194,
        0.40147238969802856,
        0.40153810381889343,
        0.4037192761898041,
        0.4021996557712555,
        0.4006262719631195,
        0.40022286772727966
    ]
}